{
	"info": {
		"_postman_id": "a566fd6e-88ec-4aec-98c6-00bd87498890",
		"name": "Assignment2",
		"schema": "https://schema.getpostman.com/json/collection/v2.0.0/collection.json",
		"_exporter_id": "35403904"
	},
	"item": [
		{
			"name": "user",
			"item": [
				{
					"name": "register",
					"request": {
						"method": "POST",
						"header": [],
						"body": {
							"mode": "raw",
							"raw": "{\r\n    \"name\":\"u3\",\r\n    \"email\":\"u3\",\r\n    \"password\":\"u3\",\r\n    \"role\":\"user\",\r\n    \"moviesWishlist\":[],\r\n    \"userPreferences\":{\r\n        \"favoriteGenre\":[],\r\n        \"favoriteActors\": []\r\n    },\r\n    \"refreshToken\":\"\",\r\n    \"userActivity\":[]\r\n}",
							"options": {
								"raw": {
									"language": "json"
								}
							}
						},
						"url": "http://localhost:3213/user/register"
					},
					"response": []
				},
				{
					"name": "login",
					"request": {
						"method": "POST",
						"header": [],
						"body": {
							"mode": "raw",
							"raw": "{\r\n    \"email\":\"a1\",\r\n    \"password\":\"a1\"\r\n}",
							"options": {
								"raw": {
									"language": "json"
								}
							}
						},
						"url": "http://localhost:3213/user/login"
					},
					"response": []
				},
				{
					"name": "getProfile",
					"request": {
						"auth": {
							"type": "bearer",
							"bearer": {
								"token": "{{token}}"
							}
						},
						"method": "GET",
						"header": [],
						"url": "http://localhost:3213/user/profile"
					},
					"response": []
				},
				{
					"name": "updateProfile",
					"request": {
						"auth": {
							"type": "bearer",
							"bearer": {
								"token": "{{token}}"
							}
						},
						"method": "PUT",
						"header": [],
						"body": {
							"mode": "raw",
							"raw": "{\r\n    \"_id\": \"67350cad590b7125f558cea9\",\r\n    \"name\": \"Haseeb\",\r\n    \"email\": \"a1\",\r\n    \"role\":\"admin\",\r\n    \"moviesWishlist\": [\"673515e061cb5305cd6cc164\", \"673515fc61cb5305cd6cc166\"],\r\n    \"userPreferences\": {\r\n        \"favoriteGenre\": [\"Drama\", \"Adventure\"],\r\n        \"favoriteActors\": [],\r\n        \"_id\": \"672f287aa8681ea13df87aba\"\r\n    },\r\n    \"userActivity\":[\"6735160b61cb5305cd6cc168\"]\r\n}",
							"options": {
								"raw": {
									"language": "json"
								}
							}
						},
						"url": "http://localhost:3213/user/profile"
					},
					"response": []
				},
				{
					"name": "deleteUser",
					"request": {
						"auth": {
							"type": "bearer",
							"bearer": {
								"token": "{{token}}"
							}
						},
						"method": "DELETE",
						"header": [],
						"url": "http://localhost:3213/user/delete/67350cf5590b7125f558ceb9"
					},
					"response": []
				},
				{
					"name": "getAllUsers",
					"request": {
						"auth": {
							"type": "bearer",
							"bearer": {
								"token": "{{token}}"
							}
						},
						"method": "GET",
						"header": [],
						"url": "http://localhost:3213/user/getAll"
					},
					"response": []
				},
				{
					"name": "getUserWishlist",
					"request": {
						"auth": {
							"type": "bearer",
							"bearer": {
								"token": "{{token}}"
							}
						},
						"method": "GET",
						"header": [],
						"url": "http://localhost:3213/user/getUserWishlist/67350cad590b7125f558cea9"
					},
					"response": []
				},
				{
					"name": "getMoviesBasedOnUserActivities",
					"request": {
						"auth": {
							"type": "bearer",
							"bearer": {
								"token": "{{token}}"
							}
						},
						"method": "GET",
						"header": [],
						"url": "http://localhost:3213/user/getMoviesBasedOnUserActivities/67350cad590b7125f558cea9"
					},
					"response": []
				}
			]
		},
		{
			"name": "persons",
			"item": [
				{
					"name": "createPerson",
					"request": {
						"auth": {
							"type": "bearer",
							"bearer": {
								"token": "{{token}}"
							}
						},
						"method": "POST",
						"header": [],
						"body": {
							"mode": "raw",
							"raw": "{\r\n    \"name\": \"p1\",\r\n    \"biography\": \"Good Actor\",\r\n    \"birthDate\": \"2002-09-26\",\r\n    \"filmography\": [\"673515fc61cb5305cd6cc166\"],\r\n    \"awards\": [\"Oscar\"],\r\n    \"photos\": [\"noPhoto\"] \r\n}",
							"options": {
								"raw": {
									"language": "json"
								}
							}
						},
						"url": "http://localhost:3213/persons"
					},
					"response": []
				},
				{
					"name": "getPersonByName",
					"request": {
						"auth": {
							"type": "bearer",
							"bearer": {
								"token": "{{token}}"
							}
						},
						"method": "GET",
						"header": [],
						"url": "http://localhost:3213/getPersonsByName/p1"
					},
					"response": []
				},
				{
					"name": "getAllPersons",
					"request": {
						"auth": {
							"type": "bearer",
							"bearer": {
								"token": "{{token}}"
							}
						},
						"method": "GET",
						"header": [],
						"url": "http://localhost:3213/getAllPersons"
					},
					"response": []
				},
				{
					"name": "getPersonsById",
					"request": {
						"auth": {
							"type": "bearer",
							"bearer": {
								"token": "{{token}}"
							}
						},
						"method": "GET",
						"header": [],
						"url": "http://localhost:3213/getPersonsById/672f6661fdf57c446884e5da"
					},
					"response": []
				},
				{
					"name": "updatePerson",
					"request": {
						"auth": {
							"type": "bearer",
							"bearer": {
								"token": "{{token}}"
							}
						},
						"method": "PUT",
						"header": [],
						"body": {
							"mode": "raw",
							"raw": "{\r\n        \"_id\": \"672f7b7d3bbb962d6e738836\",\r\n        \"name\": \"Haseeb Sajid\",\r\n        \"biography\": \"Good Actor\",\r\n        \"birthDate\": \"2002-09-26T00:00:00.000Z\",\r\n        \"filmography\": [\"672f7c003bbb962d6e738839\"],\r\n        \"awards\": [\r\n            \"Oscar\"\r\n        ],\r\n        \"photos\": [\r\n            \"noPhoto\"\r\n        ],\r\n        \"__v\": 0\r\n    }",
							"options": {
								"raw": {
									"language": "json"
								}
							}
						},
						"url": "http://localhost:3213/persons/672f7b7d3bbb962d6e738836"
					},
					"response": []
				},
				{
					"name": "delete",
					"request": {
						"auth": {
							"type": "bearer",
							"bearer": {
								"token": "{{token}}"
							}
						},
						"method": "DELETE",
						"header": [],
						"url": "http://localhost:3213/persons/672f678707ac30e545988754"
					},
					"response": []
				}
			]
		},
		{
			"name": "movies",
			"item": [
				{
					"name": "addMovie",
					"request": {
						"auth": {
							"type": "bearer",
							"bearer": {
								"token": "{{token}}"
							}
						},
						"method": "POST",
						"header": [],
						"body": {
							"mode": "raw",
							"raw": "{\r\n    \"title\": \"Tum\",\r\n    \"genre\": [\"Adventure\", \"Drama\", \"Action\"],\r\n    \"director\": \"672f7b7d3bbb962d6e738836\", \r\n    \"cast\": [\r\n        \"672f7b7d3bbb962d6e738836\"  \r\n    ],\r\n    \"crew\": [\r\n        \"672f7b7d3bbb962d6e738836\"  \r\n    ],\r\n    \"releaseDate\": \"2024-11-16T00:00:00.000Z\",\r\n    \"runtime\": 120,\r\n     \"popularity\":3,\r\n    \"synopsis\": \"A gripping tale of adventure and self-discovery.\",\r\n    \"averageRating\": 8.5,\r\n    \"movieCoverPhoto\": \"https://example.com/movie-cover.jpg\",\r\n    \"trivia\": [\r\n        \"Filmed in over 10 countries.\",\r\n        \"The lead actor performed all their own stunts.\"\r\n    ],\r\n    \"goofs\": [\r\n        \"In one scene, a modern car is visible in the background.\",\r\n        \"An actor's costume changes between shots.\"\r\n    ],\r\n    \"soundtrackInfo\": [\r\n        \"Original score by John Doe.\",\r\n        \"Featuring songs by various artists.\"\r\n    ],\r\n    \"ageRating\": \"PG-13\",\r\n    \"parentalGuidance\": \"Some material may not be suitable for children under 13.\",\r\n    \"countryOfOrigin\":\"Pakistan\",\r\n    \"Language\": \"English\",\r\n    \"keywords\":[\r\n        \"Money in the Back\"\r\n    ]\r\n}",
							"options": {
								"raw": {
									"language": "json"
								}
							}
						},
						"url": "http://localhost:3213/movies"
					},
					"response": []
				},
				{
					"name": "getAll",
					"request": {
						"auth": {
							"type": "bearer",
							"bearer": {
								"token": "{{token}}"
							}
						},
						"method": "GET",
						"header": [],
						"url": "http://localhost:3213/movies"
					},
					"response": []
				},
				{
					"name": "getSingle",
					"request": {
						"auth": {
							"type": "bearer",
							"bearer": {
								"token": "{{token}}"
							}
						},
						"method": "GET",
						"header": [],
						"url": "http://localhost:3213/movies/672f7c003bbb962d6e738839"
					},
					"response": []
				},
				{
					"name": "update",
					"request": {
						"auth": {
							"type": "bearer",
							"bearer": {
								"token": "{{token}}"
							}
						},
						"method": "PUT",
						"header": [],
						"body": {
							"mode": "raw",
							"raw": "{\r\n    \"title\": \"Witcher\",\r\n    \"genre\": [\"Adventure\", \"Drama\", \"Action\"],\r\n    \"director\": \"672f7b7d3bbb962d6e738836\", \r\n    \"cast\": [\r\n        \"672f7b7d3bbb962d6e738836\"  \r\n    ],\r\n    \"crew\": [\r\n        \"672f7b7d3bbb962d6e738836\"  \r\n    ],\r\n    \"releaseDate\": \"2023-10-01T00:00:00.000Z\",\r\n    \"runtime\": 120,\r\n     \"popularity\":3,\r\n    \"synopsis\": \"A gripping tale of adventure and self-discovery.\",\r\n    \"averageRating\": 8.5,\r\n    \"movieCoverPhoto\": \"https://example.com/movie-cover.jpg\",\r\n    \"trivia\": [\r\n        \"Filmed in over 10 countries.\",\r\n        \"The lead actor performed all their own stunts.\"\r\n    ],\r\n    \"goofs\": [\r\n        \"In one scene, a modern car is visible in the background.\",\r\n        \"An actor's costume changes between shots.\"\r\n    ],\r\n    \"soundtrackInfo\": [\r\n        \"Original score by John Doe.\",\r\n        \"Featuring songs by various artists.\"\r\n    ],\r\n    \"ageRating\": \"PG-13\",\r\n    \"parentalGuidance\": \"Some material may not be suitable for children under 13.\",\r\n    \"countryOfOrigin\":\"America\",\r\n    \"Language\": \"English\",\r\n    \"keywords\":[\r\n        \"fight fight\"\r\n    ]\r\n}",
							"options": {
								"raw": {
									"language": "json"
								}
							}
						},
						"url": "http://localhost:3213/movies/6735160b61cb5305cd6cc168"
					},
					"response": []
				},
				{
					"name": "delete",
					"request": {
						"auth": {
							"type": "bearer",
							"bearer": {
								"token": "{{token}}"
							}
						},
						"method": "DELETE",
						"header": [],
						"url": "http://localhost:3213/movies/673515e061cb5305cd6cc164"
					},
					"response": []
				},
				{
					"name": "getMoviesByFilter",
					"protocolProfileBehavior": {
						"disableBodyPruning": true
					},
					"request": {
						"auth": {
							"type": "bearer",
							"bearer": {
								"token": "{{token}}"
							}
						},
						"method": "GET",
						"header": [],
						"body": {
							"mode": "raw",
							"raw": "{\r\n    // \"title\": \"Dark\",\r\n    // \"genre\": [\"Sci-Fi\", \"Thriller\"],\r\n    // \"director\": \"Christopher Nolan\",\r\n    // \"cast\": [\"Leonardo DiCaprio\", \"Joseph Gordon-Levitt\"],\r\n    \"minRating\": 4\r\n    // \"maxRating\": 10,\r\n    // \"minPopularity\": 50,\r\n    // \"maxPopularity\": 100,\r\n    // \"releaseYear\": 2010,\r\n    // \"releaseDecade\": \"2010\",\r\n    // \"countryOfOrigin\": \"USA\",\r\n    // \"language\": \"English\",\r\n    // \"keywords\": [\"dream\", \"heist\"]\r\n}\r\n",
							"options": {
								"raw": {
									"language": "json"
								}
							}
						},
						"url": "http://localhost:3213/movies/getMoviesByFilter"
					},
					"response": []
				},
				{
					"name": "getTopMoviesByGenre",
					"protocolProfileBehavior": {
						"disableBodyPruning": true
					},
					"request": {
						"auth": {
							"type": "bearer",
							"bearer": {
								"token": "{{token}}"
							}
						},
						"method": "GET",
						"header": [],
						"body": {
							"mode": "raw",
							"raw": "{\r\n    \"genre\": \"Action\"\r\n}\r\n",
							"options": {
								"raw": {
									"language": "json"
								}
							}
						},
						"url": "http://localhost:3213/movies/getTopMoviesByGenre"
					},
					"response": []
				},
				{
					"name": "getTopMoviesOfTheMonth",
					"request": {
						"auth": {
							"type": "bearer",
							"bearer": {
								"token": "{{token}}"
							}
						},
						"method": "GET",
						"header": [],
						"url": "http://localhost:3213/movies/getTopMoviesOfTheMonth"
					},
					"response": []
				},
				{
					"name": "mostPopularMovies",
					"request": {
						"auth": {
							"type": "bearer",
							"bearer": {
								"token": "{{token}}"
							}
						},
						"method": "GET",
						"header": [],
						"url": "http://localhost:3213/movies/getPopular"
					},
					"response": []
				},
				{
					"name": "getTrendingGenres",
					"request": {
						"auth": {
							"type": "bearer",
							"bearer": {
								"token": "{{token}}"
							}
						},
						"method": "GET",
						"header": [],
						"url": "http://localhost:3213/movies/getTrendingGenres"
					},
					"response": []
				},
				{
					"name": "getMostSearchedActors",
					"request": {
						"auth": {
							"type": "bearer",
							"bearer": {
								"token": "{{token}}"
							}
						},
						"method": "GET",
						"header": [],
						"url": "http://localhost:3213/movies/getMostSearchedActors"
					},
					"response": []
				}
			]
		},
		{
			"name": "reviews",
			"item": [
				{
					"name": "addRequest",
					"request": {
						"auth": {
							"type": "bearer",
							"bearer": {
								"token": "{{token}}"
							}
						},
						"method": "POST",
						"header": [],
						"body": {
							"mode": "raw",
							"raw": "{\r\n    \"user\":\"67350cb9590b7125f558cead\",\r\n    \"movie\":\"6735160b61cb5305cd6cc168\",\r\n    \"rating\":4,\r\n    \"content\":\"Nice movie\"\r\n}",
							"options": {
								"raw": {
									"language": "json"
								}
							}
						},
						"url": "http://localhost:3213/reviews"
					},
					"response": []
				},
				{
					"name": "updateReview",
					"request": {
						"auth": {
							"type": "bearer",
							"bearer": {
								"token": "{{token}}"
							}
						},
						"method": "PUT",
						"header": [],
						"body": {
							"mode": "raw",
							"raw": "{\r\n    \"user\":\"672f287aa8681ea13df87ab9\",\r\n    \"movie\":\"672fa71c69a09e7ecfeea6f5\",\r\n    \"rating\":3,\r\n    \"content\":\"not a movie\"\r\n}",
							"options": {
								"raw": {
									"language": "json"
								}
							}
						},
						"url": "http://localhost:3213/reviews/672fb612e7d707edfc1010b9"
					},
					"response": []
				},
				{
					"name": "getAllForMovies",
					"request": {
						"auth": {
							"type": "bearer",
							"bearer": {
								"token": "{{token}}"
							}
						},
						"method": "GET",
						"header": [],
						"url": "http://localhost:3213/reviews/getAllForMovie/6735160b61cb5305cd6cc168"
					},
					"response": []
				},
				{
					"name": "getTopRatedReviewsForMovie",
					"request": {
						"auth": {
							"type": "bearer",
							"bearer": {
								"token": "{{token}}"
							}
						},
						"method": "GET",
						"header": [],
						"url": "http://localhost:3213/reviews/getTopRatedReviewsForMovie/6735160b61cb5305cd6cc168"
					},
					"response": []
				},
				{
					"name": "getMostDiscussedReviewsForMovie",
					"protocolProfileBehavior": {
						"disableBodyPruning": true
					},
					"request": {
						"auth": {
							"type": "bearer",
							"bearer": {
								"token": "{{token}}"
							}
						},
						"method": "GET",
						"header": [],
						"body": {
							"mode": "raw",
							"raw": "",
							"options": {
								"raw": {
									"language": "json"
								}
							}
						},
						"url": "http://localhost:3213/reviews/getMostDiscussedReviews"
					},
					"response": []
				}
			]
		},
		{
			"name": "recommendation",
			"item": [
				{
					"name": "getMoviesBasedOnGenreUserRatingAndUserActivity",
					"request": {
						"auth": {
							"type": "bearer",
							"bearer": {
								"token": "{{token}}"
							}
						},
						"method": "GET",
						"header": [],
						"url": "http://localhost:3213/movies/getMoviesBasedOnGenreUserRatingAndUserActivity/67350cad590b7125f558cea9"
					},
					"response": []
				},
				{
					"name": "getSimilarTitles",
					"request": {
						"auth": {
							"type": "bearer",
							"bearer": {
								"token": "{{token}}"
							}
						},
						"method": "GET",
						"header": [],
						"url": "http://localhost:3213/movies/getSimilarTitles/673515fc61cb5305cd6cc166"
					},
					"response": []
				},
				{
					"name": "getTrendingMovies",
					"request": {
						"auth": {
							"type": "bearer",
							"bearer": {
								"token": "{{token}}"
							}
						},
						"method": "GET",
						"header": [],
						"url": "http://localhost:3213/movies/getTrendingMovies/67350cad590b7125f558cea9"
					},
					"response": []
				},
				{
					"name": "getTopRatedMovies",
					"request": {
						"auth": {
							"type": "bearer",
							"bearer": {
								"token": "{{token}}"
							}
						},
						"method": "GET",
						"header": [],
						"url": "http://localhost:3213/movies/getTopRatedMovies/67350cad590b7125f558cea9"
					},
					"response": []
				}
			]
		},
		{
			"name": "newsArticles",
			"item": [
				{
					"name": "addNewsArticles",
					"request": {
						"auth": {
							"type": "bearer",
							"bearer": {
								"token": "{{token}}"
							}
						},
						"method": "POST",
						"header": [],
						"body": {
							"mode": "raw",
							"raw": "{\r\n    \"title\":\"New Movie To Come!!!\",\r\n    \"body\":\"Avengers end game 2 is coming, siuuu\",\r\n    \"type\":1,\r\n    \"persons\":\"672f7b7d3bbb962d6e738836\",\r\n    \"movies\":\"672fa71c69a09e7ecfeea6f5\"\r\n}",
							"options": {
								"raw": {
									"language": "json"
								}
							}
						},
						"url": "http://localhost:3213/newsArticles"
					},
					"response": []
				},
				{
					"name": "getSingle",
					"protocolProfileBehavior": {
						"disableBodyPruning": true
					},
					"request": {
						"auth": {
							"type": "bearer",
							"bearer": {
								"token": "{{token}}"
							}
						},
						"method": "GET",
						"header": [],
						"body": {
							"mode": "raw",
							"raw": "",
							"options": {
								"raw": {
									"language": "json"
								}
							}
						},
						"url": "http://localhost:3213/getSingleNewsArticles/6731157505946aa5354bad1b"
					},
					"response": []
				},
				{
					"name": "getAll",
					"request": {
						"auth": {
							"type": "bearer",
							"bearer": {
								"token": "{{token}}"
							}
						},
						"method": "GET",
						"header": [],
						"url": "http://localhost:3213/getAllnewsArticles"
					},
					"response": []
				},
				{
					"name": "update",
					"request": {
						"auth": {
							"type": "bearer",
							"bearer": {
								"token": "{{token}}"
							}
						},
						"method": "PUT",
						"header": [],
						"body": {
							"mode": "raw",
							"raw": "{\r\n    \"title\":\"New Movie To Come!!! News\",\r\n    \"body\":\"Avengers end game 2 is coming, siuuu\",\r\n    \"type\":1,\r\n    \"persons\":\"672f7b7d3bbb962d6e738836\",\r\n    \"movies\":\"672fa71c69a09e7ecfeea6f5\"\r\n}",
							"options": {
								"raw": {
									"language": "json"
								}
							}
						},
						"url": "http://localhost:3213/newsArticles/6731157505946aa5354bad1b"
					},
					"response": []
				},
				{
					"name": "delete",
					"request": {
						"auth": {
							"type": "bearer",
							"bearer": {
								"token": "{{token}}"
							}
						},
						"method": "DELETE",
						"header": [],
						"url": "http://localhost:3213/newsArticles/6731157505946aa5354bad1b"
					},
					"response": []
				}
			]
		},
		{
			"name": "awards",
			"item": [
				{
					"name": "add",
					"request": {
						"auth": {
							"type": "bearer",
							"bearer": {
								"token": "{{token}}"
							}
						},
						"method": "POST",
						"header": [],
						"body": {
							"mode": "raw",
							"raw": "{\r\n    \"title\": \"Best Actor\",\r\n    \"year\": 2023,\r\n    \"person\": \"67363ec78a23cff86fb8c976\",  \r\n    \"movie\": \"673648432a312ca710379ab4\", \r\n    \"type\": \"Actor\"//Mpvie\r\n}\r\n",
							"options": {
								"raw": {
									"language": "json"
								}
							}
						},
						"url": "http://localhost:3213/awards"
					},
					"response": []
				},
				{
					"name": "get",
					"request": {
						"auth": {
							"type": "bearer",
							"bearer": {
								"token": "{{token}}"
							}
						},
						"method": "GET",
						"header": [],
						"url": "http://localhost:3213/awards"
					},
					"response": []
				},
				{
					"name": "getById",
					"request": {
						"auth": {
							"type": "bearer",
							"bearer": {
								"token": "{{token}}"
							}
						},
						"method": "GET",
						"header": [],
						"url": "http://localhost:3213/awards/673120d3b7831bb254d02065"
					},
					"response": []
				},
				{
					"name": "updateId",
					"request": {
						"auth": {
							"type": "bearer",
							"bearer": {
								"token": "{{token}}"
							}
						},
						"method": "PUT",
						"header": [],
						"body": {
							"mode": "raw",
							"raw": "{\r\n    \"title\": \"Best Actor asd\",\r\n    \"year\": 2023,\r\n    \"person\": \"672f7b7d3bbb962d6e738836\",  \r\n    \"movie\": \"672fa71c69a09e7ecfeea6f5\", \r\n    \"type\": \"Actor\"\r\n}\r\n",
							"options": {
								"raw": {
									"language": "json"
								}
							}
						},
						"url": "http://localhost:3213/awards/673120d3b7831bb254d02065"
					},
					"response": []
				},
				{
					"name": "getAwardsForMovie",
					"request": {
						"auth": {
							"type": "bearer",
							"bearer": {
								"token": "{{token}}"
							}
						},
						"method": "GET",
						"header": [],
						"url": "http://localhost:3213/awards/getAwardsForMovie/673648432a312ca710379ab4"
					},
					"response": []
				},
				{
					"name": "getAwardsForActor",
					"request": {
						"auth": {
							"type": "bearer",
							"bearer": {
								"token": "{{token}}"
							}
						},
						"method": "GET",
						"header": [],
						"url": "http://localhost:3213/awards/getAwardsForActor/67363ec78a23cff86fb8c976"
					},
					"response": []
				}
			]
		},
		{
			"name": "boxOffice",
			"item": [
				{
					"name": "add",
					"request": {
						"auth": {
							"type": "bearer",
							"bearer": {
								"token": "{{token}}"
							}
						},
						"method": "POST",
						"header": [],
						"body": {
							"mode": "raw",
							"raw": "{\r\n    \"movie\": \"672fa71c69a09e7ecfeea6f5\",\r\n    \"openingWeekendEarnings\": 50000000,\r\n    \"totalEarnings\": 150000000,\r\n    \"internationalRevenue\": 60000000\r\n}\r\n",
							"options": {
								"raw": {
									"language": "json"
								}
							}
						},
						"url": "http://localhost:3213/boxoffice"
					},
					"response": []
				},
				{
					"name": "getAll",
					"request": {
						"auth": {
							"type": "bearer",
							"bearer": {
								"token": "{{token}}"
							}
						},
						"method": "GET",
						"header": [],
						"url": "http://localhost:3213/boxoffice"
					},
					"response": []
				},
				{
					"name": "getForMovie",
					"request": {
						"auth": {
							"type": "bearer",
							"bearer": {
								"token": "{{token}}"
							}
						},
						"method": "GET",
						"header": [],
						"url": "http://localhost:3213/boxoffice/672fa71c69a09e7ecfeea6f5"
					},
					"response": []
				},
				{
					"name": "update",
					"request": {
						"auth": {
							"type": "bearer",
							"bearer": {
								"token": "{{token}}"
							}
						},
						"method": "PUT",
						"header": [],
						"body": {
							"mode": "raw",
							"raw": "{\r\n    \"movie\": \"672fa71c69a09e7ecfeea6f5\",\r\n    \"openingWeekendEarnings\": 10000000,\r\n    \"totalEarnings\": 150000000,\r\n    \"internationalRevenue\": 60000000\r\n}\r\n",
							"options": {
								"raw": {
									"language": "json"
								}
							}
						},
						"url": "http://localhost:3213/boxoffice/672fa71c69a09e7ecfeea6f5"
					},
					"response": []
				}
			]
		},
		{
			"name": "communityPostAndComments",
			"item": [
				{
					"name": "addPost",
					"request": {
						"auth": {
							"type": "bearer",
							"bearer": {
								"token": "{{token}}"
							}
						},
						"method": "POST",
						"header": [],
						"body": {
							"mode": "raw",
							"raw": "{\r\n  \"title\": \"Favorite Sci-Fi Movies\",\r\n  \"content\": \"Let's discuss the best Sci-Fi movie of all time!\",\r\n  \"genre\": [\"Science Fiction\"],\r\n  \"movie\": \"672fa71c69a09e7ecfeea6f5\",  \r\n  \"author\": \"672f287aa8681ea13df87ab9\" \r\n}\r\n",
							"options": {
								"raw": {
									"language": "json"
								}
							}
						},
						"url": "http://localhost:3213/posts"
					},
					"response": []
				},
				{
					"name": "getAllPosts",
					"request": {
						"auth": {
							"type": "bearer",
							"bearer": {
								"token": "{{token}}"
							}
						},
						"method": "GET",
						"header": [],
						"url": "http://localhost:3213/posts"
					},
					"response": []
				},
				{
					"name": "getAnyPosts",
					"request": {
						"auth": {
							"type": "bearer",
							"bearer": {
								"token": "{{token}}"
							}
						},
						"method": "GET",
						"header": [],
						"url": "http://localhost:3213/posts/6733b14efc3703e024dec7fb"
					},
					"response": []
				},
				{
					"name": "deleteAnyPost",
					"request": {
						"auth": {
							"type": "bearer",
							"bearer": {
								"token": "{{token}}"
							}
						},
						"method": "DELETE",
						"header": [],
						"url": "http://localhost:3213/posts/6733b14efc3703e024dec7fb"
					},
					"response": []
				},
				{
					"name": "UpdatePost",
					"request": {
						"auth": {
							"type": "bearer",
							"bearer": {
								"token": "{{token}}"
							}
						},
						"method": "PUT",
						"header": [],
						"body": {
							"mode": "raw",
							"raw": "{\r\n  \"title\": \"asd\",\r\n  \"content\": \"Let's discuss the best Sci-Fi movie of all time!\",\r\n  \"genre\": [\"Science Fiction\"],\r\n  \"movie\": \"672fa71c69a09e7ecfeea6f5\",  \r\n  \"author\": \"672f287aa8681ea13df87ab9\" \r\n}\r\n",
							"options": {
								"raw": {
									"language": "json"
								}
							}
						},
						"url": "http://localhost:3213/posts/6733b567ee7b56b31d540183"
					},
					"response": []
				},
				{
					"name": "addComment",
					"request": {
						"auth": {
							"type": "bearer",
							"bearer": {
								"token": "{{token}}"
							}
						},
						"method": "POST",
						"header": [],
						"body": {
							"mode": "raw",
							"raw": "{\r\n  \"content\": \"This is a great post! I love action movies too!\",\r\n  \"author\": \"64fda1b612e1cd25a12345cf\",  // Replace with an actual author ID\r\n  \"postId\": \"6733b567ee7b56b31d540183\"   // Replace with the post ID\r\n}\r\n",
							"options": {
								"raw": {
									"language": "json"
								}
							}
						},
						"url": "http://localhost:3213/posts/6733b567ee7b56b31d540183/comments"
					},
					"response": []
				},
				{
					"name": "getComment",
					"request": {
						"auth": {
							"type": "bearer",
							"bearer": {
								"token": "{{token}}"
							}
						},
						"method": "GET",
						"header": [],
						"url": "http://localhost:3213/posts/6733b567ee7b56b31d540183/comments"
					},
					"response": []
				},
				{
					"name": "updateComment",
					"request": {
						"auth": {
							"type": "bearer",
							"bearer": {
								"token": "{{token}}"
							}
						},
						"method": "PUT",
						"header": [],
						"body": {
							"mode": "raw",
							"raw": "{\r\n  \"content\": \"Th post! I love action movies too!\"\r\n}\r\n",
							"options": {
								"raw": {
									"language": "json"
								}
							}
						},
						"url": "http://localhost:3213/posts/6733b567ee7b56b31d540183/comments/6733b99b6e83852e6f03ae24"
					},
					"response": []
				},
				{
					"name": "deleteComment",
					"request": {
						"auth": {
							"type": "bearer",
							"bearer": {
								"token": "{{token}}"
							}
						},
						"method": "DELETE",
						"header": [],
						"url": "http://localhost:3213/posts/6733b567ee7b56b31d540183/comments/6733c0b790b7db507e4d269e"
					},
					"response": []
				}
			]
		},
		{
			"name": "subscription",
			"item": [
				{
					"name": "getUpcomingMovies",
					"request": {
						"auth": {
							"type": "bearer",
							"bearer": {
								"token": "{{token}}"
							}
						},
						"method": "GET",
						"header": [],
						"url": "http://localhost:3213/upcomingMovies"
					},
					"response": []
				},
				{
					"name": "addReminder",
					"request": {
						"auth": {
							"type": "bearer",
							"bearer": {
								"token": "{{token}}"
							}
						},
						"method": "POST",
						"header": [],
						"body": {
							"mode": "raw",
							"raw": "{\r\n    \"userId\": \"67350cad590b7125f558cea9\",\r\n    \"movieId\": \"67367e1516374694cb0818bd\"\r\n}",
							"options": {
								"raw": {
									"language": "json"
								}
							}
						},
						"url": "http://localhost:3213/addReminder"
					},
					"response": []
				},
				{
					"name": "removeReminder",
					"request": {
						"auth": {
							"type": "bearer",
							"bearer": {
								"token": "{{token}}"
							}
						},
						"method": "DELETE",
						"header": [],
						"body": {
							"mode": "raw",
							"raw": "{\r\n    \"userId\": \"67350cad590b7125f558cea9\",\r\n    \"movieId\": \"67367e1516374694cb0818bd\"\r\n}",
							"options": {
								"raw": {
									"language": "json"
								}
							}
						},
						"url": "http://localhost:3213/removeReminder"
					},
					"response": []
				},
				{
					"name": "sendUpcomingReleaseNotifications",
					"request": {
						"auth": {
							"type": "bearer",
							"bearer": {
								"token": "{{token}}"
							}
						},
						"method": "POST",
						"header": [],
						"url": "http://localhost:3213/sendUpcomingReleaseNotifications"
					},
					"response": []
				},
				{
					"name": "sendNewReleaseNotifications",
					"request": {
						"auth": {
							"type": "bearer",
							"bearer": {
								"token": "{{token}}"
							}
						},
						"method": "POST",
						"header": [],
						"url": "http://localhost:3213/sendNewReleaseNotifications"
					},
					"response": []
				}
			]
		},
		{
			"name": "custom, saved and watch list",
			"item": [
				{
					"name": "createWatchList",
					"request": {
						"auth": {
							"type": "bearer",
							"bearer": {
								"token": "{{token}}"
							}
						},
						"method": "POST",
						"header": [],
						"body": {
							"mode": "raw",
							"raw": "{\r\n  \"userId\": \"67350cad590b7125f558cea9\",\r\n  \"title\": \"Custom List 2.0\",\r\n  \"type\": \"watchList\"\r\n}\r\n",
							"options": {
								"raw": {
									"language": "json"
								}
							}
						},
						"url": "http://localhost:3213/watchlist/create"
					},
					"response": []
				},
				{
					"name": "createCustomList",
					"request": {
						"auth": {
							"type": "bearer",
							"bearer": {
								"token": "{{token}}"
							}
						},
						"method": "POST",
						"header": [],
						"body": {
							"mode": "raw",
							"raw": "{\r\n  \"userId\": \"67350cad590b7125f558cea9\",\r\n  \"title\": \"Custom List 2.0\",\r\n  \"type\": \"customList\"\r\n}\r\n",
							"options": {
								"raw": {
									"language": "json"
								}
							}
						},
						"url": "http://localhost:3213/customList/create"
					},
					"response": []
				},
				{
					"name": "createSavedlist",
					"request": {
						"auth": {
							"type": "bearer",
							"bearer": {
								"token": "{{token}}"
							}
						},
						"method": "POST",
						"header": [],
						"body": {
							"mode": "raw",
							"raw": "{\r\n  \"userId\": \"67350cad590b7125f558cea9\",\r\n  \"title\": \"Saved List\",\r\n  \"movies\": [\"673515fc61cb5305cd6cc166\"],\r\n  \"type\": \"savedList\"\r\n}\r\n",
							"options": {
								"raw": {
									"language": "json"
								}
							}
						},
						"url": "http://localhost:3213/savedlist/create"
					},
					"response": []
				},
				{
					"name": "customSavedorWatchList/addMovie",
					"request": {
						"auth": {
							"type": "bearer",
							"bearer": {
								"token": "{{token}}"
							}
						},
						"method": "PUT",
						"header": [],
						"body": {
							"mode": "raw",
							"raw": "{\r\n  \"listId\": \"673670b7820cf31a9c4dbacc\",\r\n  \"movieId\": \"673648432a312ca710379ab4\"\r\n}\r\n",
							"options": {
								"raw": {
									"language": "json"
								}
							}
						},
						"url": "http://localhost:3213/customListOrWatchList/addMovie"
					},
					"response": []
				},
				{
					"name": "updateCustomListTitle",
					"request": {
						"auth": {
							"type": "bearer",
							"bearer": {
								"token": "{{token}}"
							}
						},
						"method": "PUT",
						"header": [],
						"body": {
							"mode": "raw",
							"raw": "{\r\n  \"listId\": \"673670b7820cf31a9c4dbacc\",\r\n  \"newTitle\": \"Updated List Title\"\r\n}\r\n",
							"options": {
								"raw": {
									"language": "json"
								}
							}
						},
						"url": "http://localhost:3213/customList/updateTitle"
					},
					"response": []
				},
				{
					"name": "deleteMovieFromCustomListorSavedList",
					"request": {
						"auth": {
							"type": "bearer",
							"bearer": {
								"token": "{{token}}"
							}
						},
						"method": "PUT",
						"header": [],
						"body": {
							"mode": "raw",
							"raw": "{\r\n  \"listId\": \"673670b7820cf31a9c4dbacc\",\r\n  \"movieId\": \"673648432a312ca710379ab4\"\r\n}\r\n",
							"options": {
								"raw": {
									"language": "json"
								}
							}
						},
						"url": "http://localhost:3213/customListOrWatchList/deleteMovie"
					},
					"response": []
				},
				{
					"name": "deleteAllMoviesFromCustomListorSavedList",
					"request": {
						"auth": {
							"type": "bearer",
							"bearer": {
								"token": "{{token}}"
							}
						},
						"method": "PUT",
						"header": [],
						"body": {
							"mode": "raw",
							"raw": "{\r\n  \"listId\": \"673670b7820cf31a9c4dbacc\"\r\n}\r\n",
							"options": {
								"raw": {
									"language": "json"
								}
							}
						},
						"url": "http://localhost:3213/customListOrWatchList/clearMovies"
					},
					"response": []
				},
				{
					"name": "deleteCustomList",
					"request": {
						"auth": {
							"type": "bearer",
							"bearer": {
								"token": "{{token}}"
							}
						},
						"method": "DELETE",
						"header": [],
						"body": {
							"mode": "raw",
							"raw": "{\r\n  \"listId\": \"673670b7820cf31a9c4dbacc\"\r\n}\r\n",
							"options": {
								"raw": {
									"language": "json"
								}
							}
						},
						"url": "http://localhost:3213/customListSavedListOrWatchList/deleteList"
					},
					"response": []
				},
				{
					"name": "getAllCustomLists",
					"request": {
						"auth": {
							"type": "bearer",
							"bearer": {
								"token": "{{token}}"
							}
						},
						"method": "GET",
						"header": [],
						"url": "http://localhost:3213/customList/user/67350cad590b7125f558cea9/customLists"
					},
					"response": []
				},
				{
					"name": "getSpecificCustomList",
					"request": {
						"auth": {
							"type": "bearer",
							"bearer": {
								"token": "{{token}}"
							}
						},
						"method": "GET",
						"header": [],
						"url": "http://localhost:3213/customList/user/67350cad590b7125f558cea9/customList/673670b7820cf31a9c4dbacc"
					},
					"response": []
				},
				{
					"name": "getSpecificSavedList",
					"request": {
						"auth": {
							"type": "bearer",
							"bearer": {
								"token": "{{token}}"
							}
						},
						"method": "GET",
						"header": [],
						"url": "http://localhost:3213/savedList/savedList/67366f0c17016a005228889f"
					},
					"response": []
				},
				{
					"name": "watchList",
					"request": {
						"auth": {
							"type": "bearer",
							"bearer": {
								"token": "{{token}}"
							}
						},
						"method": "GET",
						"header": [],
						"url": "http://localhost:3213/watchList/getWatchList/user/67350cad590b7125f558cea9"
					},
					"response": []
				}
			]
		}
	]
}